{
  "proj2": {
    "GERAL PROJ2!P31": 118.38572483277098,
    "GERAL PROJ2!P32": 118.38572483277098
  }
}
